date,mktrf
1990-01-31,-0.0788852460
1990-02-28,0.0083219078
1990-03-30,0.0253475240
1990-04-30,-0.0474962860
1990-05-31,0.0894232420
1990-06-29,-0.0208364580
1990-07-31,-0.0314049920
1990-08-31,-0.1190214729
1990-09-28,-0.0796243447
1990-10-31,-0.0431723860
1990-11-30,0.0864152400
1990-12-31,0.0359115880
1991-01-31,0.0768654560
1991-02-28,0.0803943520
1991-03-28,0.0264526460
1991-04-30,-0.0002542044
1991-05-31,0.0496754709
1991-06-28,-0.0539428500
1991-07-31,0.0370442220
1991-08-30,0.0180332580
1991-09-30,-0.0238015740
1991-10-31,0.0066627530
1991-11-29,-0.0547091960
1991-12-31,0.1099850712
1992-01-31,0.0144530880
1992-02-28,0.0275846920
1992-03-31,-0.0236639940
1992-04-30,0.0133966420
1992-05-29,-0.0008696360
1992-06-30,-0.0236511980
1992-07-31,0.0378957194
1992-08-31,-0.0300306880
1992-09-30,0.0163906140
1992-10-30,0.0180978400
1992-11-30,0.0419291120
1992-12-31,0.0197316300
1993-01-29,0.0204057840
1993-02-26,0.0086864980
1993-03-31,0.0249236934
1993-04-30,-0.0243450780
1993-05-28,0.0294295980
1993-06-30,0.0009771960
1993-07-30,-0.0031211660
1993-08-31,0.0375163144
1993-09-30,-0.0084935256
1993-10-29,0.0174670942
1993-11-30,-0.0110705020
1993-12-31,0.0210590580
1994-01-31,0.0347514810
1994-02-28,-0.0194793420
1994-03-31,-0.0464191643
1994-04-29,0.0017618540
1994-05-31,0.0088872280
1994-06-30,-0.0250330720
1994-07-29,0.0309497260
1994-08-31,0.0485318780
1994-09-30,-0.0301614990
1994-10-31,0.0082058620
1994-11-30,-0.0471145440
1994-12-30,0.0121479980
1995-01-31,0.0170276928
1995-02-28,0.0410198978
1995-03-31,0.0248570740
1995-04-28,0.0193998440
1995-05-31,0.0303087675
1995-06-30,0.0211404658
1995-07-31,0.0287714890
1995-08-31,0.0030199200
1995-09-29,0.0204524800
1995-10-31,-0.0288187300
1995-11-30,0.0470523304
1995-12-29,0.0097421363
1996-01-31,0.0263765140
1996-02-29,0.0089732560
1996-03-29,0.0158114842
1996-04-30,0.0238099720
1996-05-31,0.0089024028
1996-06-28,-0.0133307800
1996-07-31,-0.0604122300
1996-08-30,0.0288752360
1996-09-30,0.0454537335
1996-10-31,0.0094437876
1996-11-29,0.0658439579
1996-12-31,-0.0214018474
1997-01-31,0.0346476720
1997-02-28,0.0095569260
1997-03-31,-0.0393970208
1997-04-30,0.0278379120
1997-05-30,0.0689708624
1997-06-30,0.0351199559
1997-07-31,0.0754475608
1997-08-29,-0.0319918163
1997-09-30,0.0472646240
1997-10-31,-0.0473526393
1997-11-28,0.0274418800
1997-12-31,0.0105185500
1998-01-30,-0.0066261080
1998-02-27,0.0749653280
1998-03-31,0.0460873951
1998-04-30,-0.0001118554
1998-05-29,-0.0289323220
1998-06-30,0.0068168560
1998-07-31,-0.0484504560
1998-08-31,-0.1527559340
1998-09-30,0.0557606028
1998-10-30,0.0856395960
1998-11-30,0.0476096513
1998-12-31,0.0253815430
1999-01-29,0.0073473480
1999-02-26,-0.0228250756
1999-03-31,0.0175546780
1999-04-30,0.0933198618
1999-05-28,-0.0045119300
1999-06-30,0.0372472690
1999-07-30,-0.0383488750
1999-08-31,-0.0262397535
1999-09-30,-0.0432833637
1999-10-29,0.0270701580
1999-11-30,-0.0047300897
1999-12-31,0.0398045880
2000-01-31,-0.0613490540
2000-02-29,-0.0493994340
2000-03-31,0.1054476318
2000-04-28,0.0034739940
2000-05-31,0.0116629088
2000-06-30,-0.0233357030
2000-07-31,-0.0009335560
2000-08-31,0.0691437860
2000-09-29,-0.0189131320
2000-10-31,0.0163695411
2000-11-30,-0.0505836197
2000-12-29,0.0617261481
2001-01-31,0.0480129240
2001-02-28,-0.0485571070
2001-03-30,-0.0540362320
2001-04-30,0.0808140720
2001-05-31,0.0144759420
2001-06-29,-0.0186034220
2001-07-31,-0.0122333574
2001-08-31,-0.0467293447
2001-09-28,-0.1272716740
2001-10-31,0.0399165500
2001-11-30,0.1005731980
2001-12-31,0.0290724140
2002-01-31,-0.0038888086
2002-02-28,-0.0125928040
2002-03-28,0.0660648180
2002-04-30,-0.0378419020
2002-05-31,-0.0136558660
2002-06-28,-0.0819750260
2002-07-31,-0.1067290260
2002-08-30,0.0108491831
2002-09-30,-0.1167093380
2002-10-31,0.0716631920
2002-11-29,0.1092542425
2002-12-31,-0.0524442840
2003-01-31,-0.0265249360
2003-02-28,-0.0232025240
2003-03-31,0.0040853000
2003-04-30,0.1025092280
2003-05-30,0.0951733020
2003-06-30,0.0066485140
2003-07-31,0.0276702780
2003-08-29,0.0439040020
2003-09-30,-0.0173614800
2003-10-31,0.0702880480
2003-11-28,0.0205667320
2003-12-31,0.0523660940
2004-01-30,0.0235114680
2004-02-27,0.0203018640
2004-03-31,-0.0066946279
2004-04-30,-0.0253455760
2004-05-28,0.0190110862
2004-06-30,0.0295213613
2004-07-30,-0.0441444740
2004-08-31,-0.0040471054
2004-09-30,0.0264703620
2004-10-29,0.0234290532
2004-11-30,0.0573763516
2004-12-31,0.0360843527
2005-01-31,-0.0310732220
2005-02-28,0.0187265400
2005-03-31,-0.0148973480
2005-04-29,-0.0330613060
2005-05-31,0.0461634120
2005-06-30,0.0121993880
2005-07-29,0.0489834360
2005-08-31,-0.0127891720
2005-09-30,0.0053659104
2005-10-31,-0.0262930842
2005-11-30,0.0406440700
2005-12-30,0.0048638208
2006-01-31,0.0379547776
2006-02-28,-0.0004487760
2006-03-31,0.0143773816
2006-04-28,0.0069383006
2006-05-31,-0.0326044088
2006-06-30,-0.0059604980
2006-07-31,-0.0182936433
2006-08-31,0.0269020743
2006-09-29,0.0222550605
2006-10-31,0.0324361283
2006-11-30,0.0212277853
2006-12-29,0.0042306756
2007-01-31,0.0195902846
2007-02-28,-0.0068427800
2007-03-30,0.0030390380
2007-04-30,0.0388942660
2007-05-31,0.0284499400
2007-06-29,-0.0224565643
2007-07-31,-0.0486989497
2007-08-31,-0.0033053080
2007-09-28,0.0211082860
2007-10-31,0.0100855591
2007-11-30,-0.0531932660
2007-12-31,-0.0194192640
2008-01-31,-0.0471376500
2008-02-29,-0.0308007360
2008-03-31,-0.0144294128
2008-04-30,0.0506094000
2008-05-30,0.0238467478
2008-06-30,-0.1000289812
2008-07-31,-0.0052622405
2008-08-29,0.0270592480
2008-09-30,-0.1048878016
2008-10-31,-0.2083624220
2008-11-28,-0.1039348120
2008-12-31,0.0443577687
2009-01-30,-0.0784019640
2009-02-27,-0.1170388460
2009-03-31,0.1092381960
2009-04-30,0.1847572300
2009-05-29,0.0624866660
2009-06-30,-0.0047353323
2009-07-31,0.0938279640
2009-08-31,0.0577293620
2009-09-30,0.0522958878
2009-10-30,-0.0344482480
2009-11-30,0.0545023720
2009-12-31,0.0481242340
2010-01-29,-0.0309549200
2010-02-26,0.0433892389
2010-03-31,0.0709138640
2010-04-30,0.0279488660
2010-05-28,-0.0735858260
2010-06-30,-0.0619391760
2010-07-30,0.0734282385
2010-08-31,-0.0483864920
2010-09-30,0.1042073760
2010-10-29,0.0358456920
2010-11-30,0.0081052780
2010-12-31,0.0720344360
2011-01-31,0.0219634469
2011-02-28,0.0410111002
2011-03-31,0.0089060029
2011-04-29,0.0316255220
2011-05-31,-0.0055788320
2011-06-30,-0.0190976860
2011-07-29,-0.0355193467
2011-08-31,-0.0635720140
2011-09-30,-0.0906943340
2011-10-31,0.1344498880
2011-11-30,-0.0063897675
2011-12-30,0.0011532425
2012-01-31,0.0566976593
2012-02-29,0.0419654340
2012-03-30,0.0232332631
2012-04-30,-0.0078036740
2012-05-31,-0.0707571884
2012-06-29,0.0382964840
2012-07-31,0.0028660860
2012-08-31,0.0306900320
2012-09-28,0.0239088300
2012-10-31,-0.0079866982
2012-11-30,0.0136543153
2012-12-31,0.0243864120
2013-01-31,0.0654304589
2013-02-28,0.0119860680
2013-03-28,0.0429248880
2013-04-30,0.0157370420
2013-05-31,0.0283936100
2013-06-28,-0.0104954060
2013-07-31,0.0551653467
2013-08-30,-0.0278290380
2013-09-30,0.0404023340
2013-10-31,0.0428279320
2013-11-29,0.0237388020
2013-12-31,0.0297543126
2014-01-31,-0.0297354280
2014-02-28,0.0539177260
2014-03-31,0.0072465000
2014-04-30,0.0034747315
2014-05-30,0.0232117900
2014-06-30,0.0283375473
2014-07-31,-0.0225241058
2014-08-29,0.0427800697
2014-09-30,-0.0252968645
2014-10-31,0.0298744821
2014-11-28,0.0242462988
2014-12-31,0.0034694203
2015-01-30,-0.0280785876
2015-02-27,0.0585767191
2015-03-31,-0.0084587171
2015-04-30,0.0039479243
2015-05-29,0.0087561833
2015-06-30,-0.0219239082
2015-07-31,0.0094233956
2015-08-31,-0.0536870657
2015-09-30,-0.0336284385
2015-10-30,0.0734971686
2015-11-30,0.0029519046
2015-12-31,-0.0252527316
2016-01-29,-0.0561596810
2016-02-29,0.0116514732
2016-03-31,0.0808991093
2016-04-29,0.0126811497
2016-05-31,0.0144670694
2016-06-30,-0.0001781536
2016-07-29,0.0433593519
2016-08-31,0.0022133889
2016-09-30,0.0004202798
2016-10-31,-0.0245362857
2016-11-30,0.0514902996
2016-12-30,0.0105587837
2017-01-31,0.0204591610
2017-02-28,0.0313894167
2017-03-31,-0.0002934167
2017-04-28,0.0064917222
2017-05-31,0.0040763849
2017-06-30,0.0124052520
2017-07-31,0.0150544524
2017-08-31,-0.0110847486
2017-09-29,0.0286063022
2017-10-31,0.0094982738
2017-11-30,0.0376183730
2017-12-29,0.0120380080
2018-01-31,0.0435580913
2018-02-28,-0.0445371230
2018-03-29,-0.0097994147
2018-04-30,0.0025083095
2018-05-31,0.0140792421
2018-06-29,0.0092640774
2018-07-31,0.0309544762
2018-08-31,0.0184215099
2018-09-28,0.0000595069
2018-10-31,-0.0733945010
2018-11-30,0.0254872450
2018-12-31,-0.1023682750
2019-01-31,0.0990657917
2019-02-28,0.0349196111
2019-03-29,0.0072313877
2019-04-30,0.0344548750
2019-05-31,-0.0705505683
2019-06-28,0.0738643432
2019-07-31,0.0069391010
2019-08-30,-0.0328482713
2019-09-30,0.0317279663
2019-10-31,0.0116614455
2019-11-29,0.0333177149
2019-12-31,0.0273630713
2020-01-31,-0.0188887881
2020-02-28,-0.0919557030
2020-03-31,-0.1892080257
2020-04-30,0.1471855308
2020-05-29,0.0484833347
2020-06-30,0.0134203941
2020-07-31,0.0468275505
2020-08-31,0.0452567248
2020-09-30,-0.0252984218
2020-10-30,-0.0061318492
2020-11-30,0.1465943075
2020-12-31,0.0418831822
2021-01-29,-0.0063851842
2021-02-26,0.0634379030
2021-03-31,0.0571461723
2021-04-30,0.0471002752
2021-05-28,0.0193806812
2021-06-30,0.0014995754
2021-07-30,0.0123356495
2021-08-31,0.0233574139
2021-09-30,-0.0375912772
2021-10-29,0.0528174099
2021-11-30,-0.0257227564
2021-12-31,0.0635312851
2022-01-31,-0.0426802059
2022-02-28,-0.0100981968
2022-03-31,0.0271425228
2022-04-29,-0.0631965169
2022-05-31,0.0096821032
2022-06-30,-0.0934751630
2022-07-29,0.0871372644
2022-08-31,-0.0356759801
2022-09-30,-0.0948063130
2022-10-31,0.0943269024
2022-11-30,0.0661099404
2022-12-30,-0.0520750080
